Precision(0.0),Precision(1.0)
0.9972444444444445,0.8246653500109721
0.9988333333333334,0.7833461835003855
0.9969581494852253,0.847741935483871
