SplittingTime,TrainingTime,TestingTime,Recall(1.0),Precision(1.0)
46.204816599,20.789852569,0.006951143,0.9380928607089366,0.8246653500109721
